Customer ID,Customer Name,Registration Date
CUST0001,Aditya Sharma,16-11-2024
CUST0002,Neha Kapoor,01-01-2022
CUST0003,Ramesh Gupta,08-09-2020
CUST0004,Pooja Jain,09-02-2023
CUST0005,Sandeep Yadav,13-04-2022
CUST0006,Kavita Mehta,14-03-2024
CUST0007,Vikas Malhotra,23-10-2021
CUST0008,Sneha Patel,09-12-2023
CUST0009,Abhishek Rao,13-12-2021
CUST0010,Priyanka Iyer,02-04-2022
CUST0011,Manoj Reddy,16-05-2020
CUST0012,Shweta Bhatia,22-12-2024
CUST0013,Rajeev Thakur,21-01-2022
CUST0014,Aarti Kulkarni,14-02-2023
CUST0015,Arjun Das,15-08-2021
CUST0016,Meera Sinha,13-02-2024
CUST0017,Tarun Choudhary,07-08-2022
CUST0018,Jyoti Verma,14-03-2020
CUST0019,Kiran Desai,30-11-2020
CUST0020,Nitin Pillai,10-03-2022
CUST0021,Sunil Tiwari,02-08-2020
CUST0022,Simran Kaur,25-10-2024
CUST0023,Ajay Nambiar,12-09-2021
CUST0024,Nisha Mishra,14-09-2023
CUST0025,Harshita Dubey,08-12-2021
CUST0026,Gaurav Shetty,27-06-2020
CUST0027,Ruchi Saxena,08-02-2020
CUST0028,Anil Reddy,19-08-2020
CUST0029,Reena Joshi,13-06-2023
CUST0030,Ankit Bhalla,25-03-2021
CUST0031,Anisha Chauhan,16-09-2023
CUST0032,Deepak Roy,26-02-2020
CUST0033,Shalini Kaushik,14-01-2020
CUST0034,Kunal Agarwal,23-05-2020
CUST0035,Vishal Singh,27-02-2021
CUST0036,Tanya Rao,23-06-2020
CUST0037,Prateek Malhotra,03-12-2020
CUST0038,Garima Yadav,23-04-2020
CUST0039,Arvind Thakur,06-02-2021
CUST0040,Rashmi Kulkarni,09-02-2022
CUST0041,Akshay Gupta,11-12-2020
CUST0042,Bhavna Sharma,28-11-2022
CUST0043,Rajesh Deshmukh,05-01-2022
CUST0044,Sujata Pillai,26-02-2021
CUST0045,Mohit Kapoor,23-10-2021
CUST0046,Radhika Jain,28-09-2023
CUST0047,Sumit Mehta,24-09-2020
CUST0048,Isha Sinha,05-04-2021
CUST0049,Arnav Mishra,26-08-2023
CUST0050,Payal Choudhary,15-01-2022
CUST0051,Varun Sethi,09-08-2021
CUST0052,Ishita Roy,17-05-2021
CUST0053,Raj Malhotra,07-07-2024
CUST0054,Tanvi Desai,13-05-2020
CUST0055,Kunal Tiwari,11-04-2023
CUST0056,Rohit Kumar,05-04-2020
CUST0057,Megha Reddy,08-11-2024
CUST0058,Vivek Gupta,07-03-2024
CUST0059,Shruti Bhatia,18-02-2020
CUST0060,Rahul Mehta,02-02-2022
CUST0061,Ananya Kulkarni,11-12-2020
CUST0062,Sachin Yadav,22-01-2023
CUST0063,Divya Iyer,13-01-2020
CUST0064,Alok Thakur,26-06-2021
CUST0065,Sneha Kapoor,14-02-2024
CUST0066,Ravi Chauhan,27-12-2023
CUST0067,Nidhi Jain,19-10-2023
CUST0068,Karan Nair,30-06-2022
CUST0069,Swati Sinha,25-03-2022
CUST0070,Aman Malhotra,07-10-2023
CUST0071,Rekha Gupta,06-03-2022
CUST0072,Aditi Rao,05-10-2022
CUST0073,Gopal Pillai,09-09-2022
CUST0074,Nisha Thakur,16-05-2024
CUST0075,Jayant Tiwari,25-03-2024
CUST0076,Monika Kapoor,09-02-2020
CUST0077,Ashwin Desai,26-02-2024
CUST0078,Krishna Yadav,20-01-2020
CUST0079,Priyanka Gupta,27-10-2022
CUST0080,Akhil Reddy,02-05-2022
CUST0081,Kriti Mehta,15-05-2020
CUST0082,Manoj Sethi,06-07-2023
CUST0083,Rajiv Yadav,23-11-2023
CUST0084,Preeti Nair,16-05-2024
CUST0085,Nikhil Sharma,09-02-2023
CUST0086,Deepa Mishra,11-05-2021
CUST0087,Tarun Pillai,17-08-2022
CUST0088,Anushka Deshmukh,02-11-2024
CUST0089,Harish Nair,11-11-2022
CUST0090,Vandana Gupta,24-11-2024
CUST0091,Isha Mehta,19-05-2020
CUST0092,Suraj Rao,12-07-2021
CUST0093,Radhika Thakur,06-06-2022
CUST0094,Pranav Kapoor,22-02-2022
CUST0095,Jaya Singh,27-05-2022
CUST0096,Aarti Yadav,07-02-2020
CUST0097,Aman Tiwari,22-03-2024
CUST0098,Divya Jain,11-02-2021
CUST0099,Ravi Reddy,02-09-2022
CUST0100,Rohit Sharma,19-12-2021
