Rider ID,Rider Name,Sign Up Date
RIDER001,Rohan Singh,19-03-2018
RIDER002,Priya Sharma,14-02-2024
RIDER003,Amit Gupta,06-11-2023
RIDER004,Sunita Yadav,09-01-2018
RIDER005,Kunal Verma,19-05-2024
RIDER006,Sakshi Mehta,18-09-2023
RIDER007,Vikram Thakur,20-08-2022
RIDER008,Anjali Nair,11-06-2020
RIDER009,Rajesh Pillai,04-04-2018
RIDER010,Ravi Kumar,26-08-2022
RIDER011,Pooja Joshi,08-11-2023
RIDER012,Suresh Reddy,09-10-2024
RIDER013,Neha Bhatia,24-02-2019
RIDER014,Ashok Mishra,14-12-2024
RIDER015,Jyoti Chauhan,03-03-2023
RIDER016,Deepak Kapoor,26-04-2019
RIDER017,Manish Dubey,20-11-2020
RIDER018,Alok Tiwari,09-12-2019
RIDER019,Rekha Iyer,27-07-2018
RIDER020,Swati Desai,21-07-2024
RIDER021,Arjun Malhotra,07-10-2021
RIDER022,Preeti Sinha,19-12-2019
RIDER023,Mohan Das,22-04-2019
RIDER024,Nisha Patel,22-07-2019
RIDER025,Vivek Rao,17-03-2023
RIDER026,Sanjay Kulkarni,20-08-2021
RIDER027,Ishita Roy,01-06-2019
RIDER028,Nitin Agarwal,15-11-2024
RIDER029,Harish Nambiar,21-02-2024
RIDER030,Megha Jain,08-07-2021
RIDER031,Tarun Bhalla,21-07-2023
RIDER032,Richa Kaushik,27-08-2019
RIDER033,Shivani Saxena,25-09-2024
RIDER034,Gopal Shetty,23-05-2021
RIDER035,Pankaj Choudhary,06-05-2020
